id.y,txid,Lvr_11,Lvr_4,ODPE_1,Panc_1,Pnc_11,Pnc_4,RVG_11,RVG_4,Stom_1,DnaBinding,ProtBinding,Coregulator,Previously implicated in venom regulation,Interacts with ERK,Adrenoceptor Signaling Pathway,Unfolded Protein Response Pathway,AP-1 Complex Member,SEassociated,Upreg.Ven.vs.NonVen,Non-Venom vs. Venom - Log2FoldChange,Non-Venom vs. Venom - p-value,Non-Venom vs. Venom - IHW p-value
SIRT1,crovir-transcript-10232,7.788986009,7.52382993,8.119220767,8.006736829,7.997447442,7.503784193,8.932434563,8.845499464,7.216707447,TRUE,FALSE,TRUE,FALSE,FALSE,FALSE,FALSE,FALSE,FALSE,TRUE,1.010751375,0.002234934,0.00835664
RERE,crovir-transcript-1029,5.541961523,5.29044148,5.940411304,6.732324588,6.397897199,5.79805018,5.745749518,6.017750328,7.147565646,TRUE,FALSE,TRUE,FALSE,FALSE,FALSE,FALSE,FALSE,TRUE,FALSE,-0.308760708,0.536036976,0.637278135
NOC2L,crovir-transcript-1030,5.480785647,6.575302647,7.032889693,6.849696127,6.397897199,6.402052173,8.387495224,7.996577417,7.012600191,FALSE,FALSE,TRUE,FALSE,FALSE,FALSE,FALSE,FALSE,FALSE,TRUE,1.622243858,0.002205371,0.008171903
IKZF5,crovir-transcript-10426,6.098940661,6.627672743,8.248157919,6.274219548,6.187701086,6.481562204,7.980040529,8.129350544,6.688230149,TRUE,FALSE,FALSE,FALSE,FALSE,FALSE,FALSE,FALSE,TRUE,TRUE,1.925477529,1.23E-11,4.84E-10
SUFU,crovir-transcript-10545,3.933458985,3.582586172,4.886697543,3.775811246,3.892166361,3.128315352,4.390449024,4.381791432,4.611685891,FALSE,FALSE,TRUE,FALSE,FALSE,FALSE,FALSE,FALSE,TRUE,FALSE,1.791919522,0.055402936,0.095632685
PPRC1,crovir-transcript-10564,6.267738959,7.71035686,9.71134181,5.53247309,6.482122215,6.45555249,9.555446967,9.625021594,6.558064524,FALSE,FALSE,TRUE,FALSE,FALSE,FALSE,FALSE,FALSE,FALSE,TRUE,3.268790144,1.09E-09,2.41E-08
HES6,crovir-transcript-10728,3.128315352,4.219456488,6.631500749,3.128315352,4.196648403,3.128315352,4.93270588,7.711871033,3.982046083,TRUE,FALSE,TRUE,FALSE,FALSE,FALSE,FALSE,FALSE,TRUE,TRUE,5.37074458,1.06E-05,8.04E-05
PIAS2,crovir-transcript-10952,4.683222934,5.108667087,6.25423791,5.473291288,4.838752099,4.453025894,6.078194515,5.613287831,5.899934132,FALSE,FALSE,TRUE,FALSE,FALSE,FALSE,FALSE,FALSE,FALSE,TRUE,1.352780035,0.004518075,0.014778819
BMPR1A,crovir-transcript-10972,5.123448564,4.896336138,5.736527865,4.655399793,5.031850264,4.862407981,6.262567224,5.952497134,5.229485116,TRUE,FALSE,FALSE,FALSE,FALSE,FALSE,FALSE,FALSE,FALSE,TRUE,1.494561007,3.58E-04,0.001782709
TP73,crovir-transcript-1100,3.128315352,3.128315352,6.044699135,3.128315352,4.196648403,3.128315352,6.17341204,5.755338043,3.128315352,TRUE,FALSE,FALSE,FALSE,FALSE,FALSE,FALSE,FALSE,FALSE,TRUE,6.183745925,3.78E-05,2.26E-04
RORA,crovir-transcript-11061,3.128315352,4.026060346,4.690341525,4.036640569,3.128315352,3.983313214,5.533016119,4.545238537,4.693931467,TRUE,FALSE,FALSE,FALSE,FALSE,FALSE,FALSE,FALSE,FALSE,TRUE,2.744023785,0.018761865,0.047565037
KLF13,crovir-transcript-11070,6.554570732,4.748568312,5.533739115,4.655399793,4.519562006,5.166421846,7.87626296,6.017750328,6.782748431,TRUE,FALSE,FALSE,FALSE,FALSE,FALSE,FALSE,FALSE,TRUE,FALSE,1.435447583,0.148850926,0.241372054
TSC22D4,crovir-transcript-11156,6.078863997,8.066531604,5.99353354,6.604396203,6.419428623,5.839453246,6.77455965,7.022698759,6.436117129,TRUE,FALSE,FALSE,FALSE,FALSE,FALSE,FALSE,FALSE,TRUE,FALSE,-0.210918731,0.74264307,0.8116299
ZNF592,crovir-transcript-11170,6.213699799,6.420430523,7.73116004,7.778301507,5.781040527,7.195856808,7.515779624,8.210376137,8.366226704,TRUE,FALSE,FALSE,FALSE,FALSE,FALSE,FALSE,FALSE,TRUE,FALSE,1.03954239,0.067840988,0.131587051
CAMTA1,crovir-transcript-1130,4.622457445,3.908836058,6.275698506,4.867818714,3.892166361,3.737246411,5.960765809,6.278645354,5.586522027,TRUE,FALSE,FALSE,FALSE,FALSE,FALSE,FALSE,FALSE,FALSE,TRUE,2.935740203,1.03E-04,6.27E-04
PRDM2,crovir-transcript-11363,4.683222934,4.896336138,5.250321289,4.232126759,4.422971151,3.737246411,5.174466841,4.73087038,4.84269484,TRUE,FALSE,FALSE,FALSE,FALSE,FALSE,FALSE,FALSE,TRUE,FALSE,0.955946347,0.166181665,0.265677632
AEBP2,crovir-transcript-11366,8.104690963,8.553374011,8.507542876,8.297226239,7.902183975,8.737408073,8.795978561,9.116062228,7.942774434,TRUE,FALSE,TRUE,FALSE,FALSE,FALSE,FALSE,FALSE,TRUE,FALSE,0.55607649,0.069654846,0.13500786
TLE1,crovir-transcript-11392,5.762234828,6.328210592,6.317661808,5.53247309,5.479907702,6.402052173,6.468834849,6.607492938,6.991210199,FALSE,FALSE,TRUE,FALSE,FALSE,FALSE,FALSE,FALSE,TRUE,FALSE,0.371786134,0.485389902,0.593017047
ZNF710,crovir-transcript-11397,6.098940661,5.988404777,7.007676873,6.656957075,5.600811503,6.258689938,6.713076088,7.098945603,6.925049109,TRUE,FALSE,FALSE,FALSE,FALSE,FALSE,FALSE,FALSE,TRUE,FALSE,0.840225432,0.020308339,0.050703466
FOXC2,crovir-transcript-11432,3.128315352,3.128315352,8.204607362,3.128315352,3.128315352,3.737246411,6.757262171,7.791942324,3.128315352,TRUE,FALSE,FALSE,TRUE,FALSE,FALSE,FALSE,FALSE,FALSE,TRUE,9.34094576,5.23E-18,4.64E-16
CTCF,crovir-transcript-11549,6.525426726,6.50699806,8.171057809,7.448464978,6.690834656,6.843566442,8.224968656,8.217211051,7.153991031,TRUE,FALSE,TRUE,TRUE,FALSE,FALSE,FALSE,FALSE,FALSE,TRUE,1.500153694,1.88E-07,2.61E-06
ZBED4,crovir-transcript-11707,6.525426726,5.619121639,8.009587619,5.973613486,6.440636844,6.196987986,9.511272734,8.687208711,6.115753386,TRUE,FALSE,FALSE,FALSE,FALSE,FALSE,FALSE,FALSE,FALSE,TRUE,2.93829399,4.49E-12,1.73E-10
ZNF800,crovir-transcript-11733,5.163944156,6.177459999,6.436539612,6.463785449,5.940301878,5.29484467,7.011614313,7.233496369,6.255189898,TRUE,FALSE,FALSE,FALSE,FALSE,FALSE,FALSE,FALSE,FALSE,TRUE,1.272567309,0.013554559,0.03579495
SREBF2,crovir-transcript-12065,5.860336524,6.420430523,10.20929104,7.241414726,6.948404524,6.604895571,11.31259959,9.681673366,8.171589842,TRUE,FALSE,FALSE,TRUE,FALSE,FALSE,FALSE,FALSE,FALSE,TRUE,3.935612955,4.33E-11,1.60E-09
ATF4,crovir-transcript-12088,11.84972635,11.75247558,12.40453766,11.90676776,11.94640148,11.97831106,12.20323733,11.8122399,11.36233821,TRUE,TRUE,FALSE,FALSE,TRUE,TRUE,TRUE,FALSE,TRUE,FALSE,0.3498917,0.184196361,0.286882262
SOX10,crovir-transcript-12111,4.489931203,3.768151871,7.197936368,4.867818714,4.31637079,4.453025894,7.082629071,6.891555005,4.475595392,TRUE,FALSE,TRUE,FALSE,FALSE,FALSE,FALSE,FALSE,FALSE,TRUE,4.005778915,4.15E-15,2.32E-13
TDG,crovir-transcript-12187,6.730684463,6.548374457,7.082019702,6.204902084,6.136388633,5.755359769,7.998463593,7.927382897,5.852424741,FALSE,FALSE,TRUE,FALSE,FALSE,FALSE,FALSE,FALSE,FALSE,TRUE,1.663354935,7.97E-06,6.96E-05
CREB3L2,crovir-transcript-12236,5.416673462,6.714917164,10.65044718,8.212578663,7.513064687,7.164284746,11.17417227,11.55830018,7.670565328,TRUE,FALSE,FALSE,TRUE,TRUE,TRUE,TRUE,FALSE,TRUE,TRUE,4.164075749,2.09E-11,6.65E-10
CREB3,crovir-transcript-12236,5.416673462,6.714917164,10.65044718,8.212578663,7.513064687,7.164284746,11.17417227,11.55830018,7.670565328,TRUE,FALSE,FALSE,FALSE,TRUE,TRUE,TRUE,FALSE,TRUE,TRUE,4.164075749,2.09E-11,6.65E-10
OVOL1,crovir-transcript-12399,3.128315352,3.128315352,5.533739115,4.393290595,4.058602359,5.023661869,5.059394894,4.687237566,4.199274575,TRUE,FALSE,FALSE,FALSE,FALSE,FALSE,FALSE,FALSE,TRUE,FALSE,1.821039745,0.146429367,0.206049691
FOSB,crovir-transcript-1248,7.939121738,7.268967946,8.346600443,3.128315352,5.199028404,6.346444851,9.679249179,8.203508631,3.672935312,TRUE,FALSE,FALSE,FALSE,FALSE,FALSE,FALSE,FALSE,TRUE,TRUE,4.604171981,5.42E-05,4.25E-04
GATAD2B,crovir-transcript-12558,4.740919539,5.388437227,6.51057519,4.867818714,4.766860242,4.945681833,6.62990824,6.856796515,5.86844364,TRUE,FALSE,FALSE,FALSE,FALSE,FALSE,FALSE,FALSE,FALSE,TRUE,2.093389184,6.80E-05,4.39E-04
PPP1R13L,crovir-transcript-1260,5.710419884,5.816133447,10.46349537,8.056170146,7.672684806,7.829278233,10.64183162,10.50271114,7.019659647,FALSE,FALSE,TRUE,FALSE,FALSE,FALSE,FALSE,FALSE,TRUE,TRUE,3.446807671,2.41E-07,3.91E-06
RORC,crovir-transcript-12617,3.933458985,3.582586172,6.492426211,3.128315352,5.031850264,3.128315352,5.511907371,6.812122266,3.672935312,TRUE,FALSE,FALSE,FALSE,FALSE,FALSE,FALSE,FALSE,FALSE,TRUE,4.574139327,1.85E-04,8.75E-04
ARNT,crovir-transcript-12636,9.12090002,9.657531364,7.783939639,8.482135154,7.783805001,7.981625448,7.968872421,7.845893839,8.032460331,TRUE,FALSE,TRUE,FALSE,FALSE,FALSE,FALSE,FALSE,TRUE,FALSE,-0.82898689,0.105933753,0.175411182
AEBP1,crovir-transcript-12782,5.541961523,5.356576524,7.345915366,5.473291288,6.027740823,5.354598575,6.274853929,6.908621833,6.863549855,TRUE,FALSE,TRUE,FALSE,FALSE,FALSE,FALSE,FALSE,FALSE,TRUE,1.274266748,0.011412959,0.03107807
ARHGAP35,crovir-transcript-1287,6.449829917,5.72117823,7.480045025,7.019458923,5.814400052,5.711295106,7.575959785,7.452464242,7.373492703,TRUE,FALSE,TRUE,FALSE,FALSE,FALSE,FALSE,FALSE,FALSE,TRUE,1.386456352,0.001979949,0.007626327
PURA,crovir-transcript-12918,4.848417336,4.579265209,6.563667575,5.205936904,4.690269517,3.128315352,6.403372727,5.569813252,6.061394353,TRUE,FALSE,FALSE,FALSE,FALSE,FALSE,FALSE,FALSE,TRUE,TRUE,2.053825225,0.006477789,0.018075779
PURB,crovir-transcript-12918,4.848417336,4.579265209,6.563667575,5.205936904,4.690269517,3.128315352,6.403372727,5.569813252,6.061394353,TRUE,FALSE,FALSE,FALSE,FALSE,FALSE,FALSE,FALSE,TRUE,TRUE,2.053825225,0.006477789,0.018075779
KAT6A,crovir-transcript-12928,7.212670276,7.066660825,9.310679598,8.445520681,7.627549889,7.725157585,9.821442269,9.891553521,8.727825524,FALSE,FALSE,TRUE,FALSE,FALSE,FALSE,FALSE,FALSE,TRUE,TRUE,2.035988617,2.59E-06,2.59E-05
BARX2,crovir-transcript-12963,3.128315352,4.128166873,7.433567403,3.128315352,3.128315352,3.128315352,7.698297916,7.514910584,4.132850935,TRUE,FALSE,FALSE,FALSE,FALSE,FALSE,FALSE,FALSE,FALSE,TRUE,6.743519756,1.89E-10,5.37E-09
MXD1,crovir-transcript-12992,3.128315352,5.25607556,6.72753916,5.841729881,5.638818221,5.29484467,8.761903061,8.328700813,7.033674838,TRUE,FALSE,TRUE,FALSE,FALSE,FALSE,FALSE,FALSE,TRUE,TRUE,3.312549586,0.00186668,0.007239094
FIGLA,crovir-transcript-12994,3.128315352,3.128315352,4.945588058,5.346400364,4.970797034,3.128315352,3.680442545,5.634512095,4.568182595,TRUE,FALSE,FALSE,FALSE,FALSE,FALSE,FALSE,FALSE,TRUE,FALSE,1.499408332,0.383201074,0.507622182
BOLA3,crovir-transcript-13007,6.678782486,6.66572067,7.827687029,6.630919747,6.825429025,6.604895571,7.880243063,7.142816646,5.819817064,TRUE,FALSE,FALSE,FALSE,FALSE,FALSE,FALSE,FALSE,FALSE,TRUE,1.264135174,0.001167376,0.004925691
ATF6B,crovir-transcript-13131,4.622457445,4.941817386,7.315466122,5.346400364,4.31637079,4.862407981,6.816906218,7.206201304,5.644016074,TRUE,FALSE,FALSE,FALSE,TRUE,TRUE,TRUE,FALSE,FALSE,TRUE,2.937404647,6.51E-11,1.88E-09
WNT5A,crovir-transcript-13528,3.128315352,3.128315352,7.069894495,4.036640569,3.67155555,3.128315352,7.288752124,7.206201304,8.011439866,TRUE,FALSE,FALSE,FALSE,FALSE,FALSE,FALSE,FALSE,FALSE,TRUE,7.262992145,9.41E-06,7.98E-05
CREBRF,crovir-transcript-13972,4.683222934,4.896336138,5.885170455,5.887103771,6.110009087,5.711295106,6.346403261,5.675989808,5.960842238,TRUE,FALSE,FALSE,FALSE,FALSE,FALSE,FALSE,FALSE,TRUE,FALSE,0.543293833,0.366894975,0.44594795
FOXI1,crovir-transcript-14004,3.128315352,3.128315352,6.982011343,3.128315352,3.128315352,3.128315352,6.676711876,6.950417086,3.793398544,TRUE,FALSE,FALSE,FALSE,FALSE,FALSE,FALSE,FALSE,FALSE,TRUE,7.874606012,2.99E-14,1.30E-12
ZNF750,crovir-transcript-14133,3.128315352,3.128315352,9.470797034,3.128315352,3.128315352,4.320983968,7.725110076,9.03912382,3.128315352,TRUE,FALSE,FALSE,FALSE,FALSE,FALSE,FALSE,FALSE,FALSE,TRUE,9.293451134,3.89E-10,9.38E-09
SOX9,crovir-transcript-14372,6.213699799,5.671106977,9.535895344,9.06332194,9.725595067,8.660542313,10.0635251,10.10266826,8.778438608,TRUE,FALSE,FALSE,FALSE,FALSE,FALSE,FALSE,FALSE,TRUE,FALSE,1.378398808,0.11863797,0.204809344
BUD31,crovir-transcript-144,8.305125301,8.505568055,9.34616101,9.101464655,8.873295385,9.19606358,8.804373052,8.230784331,7.975708838,TRUE,FALSE,TRUE,FALSE,FALSE,FALSE,FALSE,FALSE,TRUE,FALSE,0.115291482,0.789772802,0.84618591
NR4A1,crovir-transcript-14451,13.187645,10.50633472,12.36462917,7.602986496,10.06502817,8.017319148,14.03679222,12.48789544,7.061299743,TRUE,FALSE,FALSE,FALSE,TRUE,FALSE,FALSE,FALSE,TRUE,FALSE,3.193390126,NA,NA
DDIT3,crovir-transcript-14617,10.09955725,8.56674655,8.951217685,7.891610177,8.20201148,9.468202932,9.451078086,10.35107523,6.731972507,TRUE,FALSE,TRUE,TRUE,FALSE,FALSE,TRUE,TRUE,TRUE,FALSE,1.034731567,0.072776715,0.138806315
ZNF740,crovir-transcript-14639,4.740919539,5.323925869,5.885170455,5.411363522,5.145706482,5.097053833,6.049752999,6.355841984,5.681034567,TRUE,FALSE,FALSE,FALSE,FALSE,FALSE,FALSE,FALSE,FALSE,TRUE,1.249466481,0.004878163,0.014345278
CSRNP2,crovir-transcript-14714,6.79300869,8.089887361,7.273834498,6.604396203,7.075168156,7.012901892,7.495145859,7.121049199,6.93255351,TRUE,FALSE,FALSE,FALSE,FALSE,FALSE,FALSE,FALSE,TRUE,FALSE,0.176038589,0.685778675,0.826131085
POU6F1,crovir-transcript-14715,4.993549425,5.419548197,6.831961168,5.53247309,5.346956989,5.232225388,6.658174981,6.095235452,5.836217445,TRUE,FALSE,FALSE,FALSE,FALSE,FALSE,FALSE,FALSE,FALSE,TRUE,1.527083547,3.29E-05,2.39E-04
MBD1,crovir-transcript-14772,7.733136421,7.52382993,9.665934503,7.629379086,7.310769084,7.516326102,9.605529819,10.00738636,8.152518528,TRUE,FALSE,FALSE,FALSE,FALSE,FALSE,FALSE,FALSE,TRUE,TRUE,2.215494801,1.06E-14,5.54E-13
KDM5C,crovir-transcript-14830,8.292310781,8.378616894,9.220691587,8.203833721,8.46036358,7.757192884,9.371414141,9.669274978,8.935362276,TRUE,FALSE,FALSE,FALSE,FALSE,FALSE,FALSE,FALSE,FALSE,TRUE,1.107263396,0.001031123,0.004454823
HCFC1,crovir-transcript-14873,8.657921496,9.646557728,9.671938893,9.197038231,9.114481471,8.894296768,9.844005335,10.04337828,9.577211453,TRUE,FALSE,TRUE,FALSE,FALSE,FALSE,FALSE,FALSE,TRUE,FALSE,0.660869899,0.045485618,0.115270072
SMARCA2,crovir-transcript-14989,4.338427563,3.908836058,5.569718194,3.775811246,4.519562006,4.453025894,5.653163058,5.354579063,4.199274575,FALSE,FALSE,TRUE,FALSE,FALSE,FALSE,FALSE,FALSE,FALSE,TRUE,2.506204172,2.89E-05,1.80E-04
SMARCA4,crovir-transcript-14989,4.338427563,3.908836058,5.569718194,3.775811246,4.519562006,4.453025894,5.653163058,5.354579063,4.199274575,FALSE,FALSE,TRUE,FALSE,FALSE,FALSE,FALSE,FALSE,FALSE,TRUE,2.506204172,2.89E-05,1.80E-04
CARM1,crovir-transcript-14997,4.947059519,5.479666298,7.007676873,5.278060529,4.690269517,5.411757671,7.364698027,6.83909442,6.325786963,FALSE,FALSE,TRUE,FALSE,FALSE,FALSE,FALSE,FALSE,FALSE,TRUE,2.186506267,5.57E-05,4.00E-04
NFIX,crovir-transcript-15019,3.128315352,3.128315352,4.360438138,3.128315352,3.128315352,3.128315352,5.490460892,4.813519303,4.199274575,TRUE,FALSE,FALSE,TRUE,FALSE,FALSE,FALSE,FALSE,FALSE,TRUE,5.550592286,0.002226769,0.007109655
ZBTB6,crovir-transcript-1506,4.338427563,5.147138406,5.672239911,5.346400364,3.892166361,4.676080133,5.709465779,6.429030909,5.177163773,TRUE,FALSE,FALSE,FALSE,FALSE,FALSE,FALSE,FALSE,TRUE,TRUE,1.863979614,0.007284273,0.02174623
SP1,crovir-transcript-15064,6.157495779,6.50699806,7.152689563,6.403382535,6.440636844,6.317796673,8.121217306,7.968487288,8.58109184,TRUE,FALSE,FALSE,FALSE,TRUE,FALSE,FALSE,FALSE,TRUE,FALSE,1.222147249,0.067408702,0.152096735
ZBTB26,crovir-transcript-1507,5.736572823,5.745541337,6.187815625,5.58915686,5.746849313,5.411757671,6.160199966,6.77534654,5.625121339,TRUE,FALSE,FALSE,FALSE,FALSE,FALSE,FALSE,FALSE,TRUE,FALSE,0.981705577,0.004477488,0.014657881
ZNF462,crovir-transcript-15288,6.118732777,6.359625161,8.917913826,6.978872122,7.228407773,6.863404475,8.789650458,8.136580064,6.976770253,TRUE,FALSE,FALSE,FALSE,FALSE,FALSE,FALSE,FALSE,TRUE,TRUE,2.018955093,2.28E-07,3.07E-06
MLLT3,crovir-transcript-15356,5.081620976,4.450052544,8.594445422,4.393290595,5.199028404,4.320983968,7.4150155,7.525978365,7.114998894,TRUE,FALSE,FALSE,FALSE,FALSE,FALSE,FALSE,FALSE,FALSE,TRUE,3.22834349,4.23E-05,2.93E-04
NFIB,crovir-transcript-15370,4.683222934,4.219456488,6.187815625,3.128315352,3.128315352,3.128315352,5.490460892,4.73087038,4.319261848,TRUE,FALSE,TRUE,TRUE,FALSE,FALSE,FALSE,FALSE,TRUE,FALSE,2.929504476,0.0246382,0.059047426
GTF2H2,crovir-transcript-15686,5.62880682,6.627672743,7.252556363,5.278060529,4.906565679,6.064779458,6.783130247,6.392910675,5.122618188,TRUE,FALSE,FALSE,FALSE,FALSE,FALSE,FALSE,FALSE,FALSE,TRUE,1.494645238,0.017691172,0.044780128
JMY,crovir-transcript-15731,3.128315352,4.128166873,4.886697543,4.036640569,3.892166361,3.737246411,5.533016119,4.545238537,4.807228496,FALSE,FALSE,TRUE,FALSE,FALSE,FALSE,FALSE,FALSE,FALSE,TRUE,2.48131268,0.015218406,0.03969384
CDK7,crovir-transcript-15748,5.571535312,5.904950986,7.209028212,5.129537308,5.846969158,6.2281779,6.561678354,6.784629843,5.915414261,FALSE,FALSE,TRUE,FALSE,FALSE,FALSE,FALSE,FALSE,FALSE,TRUE,1.330969105,0.001631145,0.006501038
SREBF1,crovir-transcript-1605,9.628560277,9.079374887,11.03594006,8.489347713,8.903855381,9.168574972,11.61707625,10.84892339,7.683921537,TRUE,FALSE,FALSE,FALSE,FALSE,FALSE,FALSE,FALSE,TRUE,TRUE,2.405844329,5.60E-10,1.64E-08
MBNL3,crovir-transcript-16112,4.489931203,4.941817386,6.338183625,5.278060529,5.09005986,5.166421846,7.605130134,6.679023965,7.519795297,TRUE,FALSE,FALSE,FALSE,FALSE,FALSE,FALSE,FALSE,TRUE,TRUE,2.222063108,0.008116528,0.024033752
FOXO4,crovir-transcript-16138,8.45061716,8.825013471,7.884021167,9.3314861,8.325724958,8.732051543,7.764413518,8.114781688,9.746681488,TRUE,TRUE,FALSE,FALSE,TRUE,FALSE,FALSE,FALSE,TRUE,FALSE,-1.008183488,0.002488562,0.009087969
FOXO3,crovir-transcript-16138,8.45061716,8.825013471,7.884021167,9.3314861,8.325724958,8.732051543,7.764413518,8.114781688,9.746681488,TRUE,TRUE,FALSE,TRUE,TRUE,FALSE,FALSE,FALSE,TRUE,FALSE,-1.008183488,0.002488562,0.009087969
TSC22D3,crovir-transcript-16160,10.50948915,10.37098685,7.461634148,9.653699197,10.2517826,9.863017277,8.77477595,8.472716971,8.815265329,TRUE,FALSE,FALSE,FALSE,FALSE,FALSE,FALSE,FALSE,TRUE,FALSE,-1.761529387,1.48E-08,3.21E-07
TERF2,crovir-transcript-16196,8.657921496,8.56341503,8.841819271,8.787267908,9.456038439,9.249517073,8.439634499,8.937309022,7.620502473,TRUE,FALSE,FALSE,FALSE,FALSE,FALSE,FALSE,FALSE,TRUE,FALSE,-0.02082947,0.962085105,0.932601242
HIF3A,crovir-transcript-16294,5.812160778,5.068992361,5.604761914,4.393290595,4.422971151,5.411757671,8.121217306,6.210912077,5.526470228,TRUE,FALSE,TRUE,FALSE,FALSE,FALSE,FALSE,FALSE,TRUE,TRUE,2.226775888,0.004992619,0.016194058
LITAF,crovir-transcript-1631,5.163944156,6.296079565,8.809493776,13.13912493,10.47293444,11.18545197,7.923312593,8.118437745,10.50111238,TRUE,FALSE,FALSE,FALSE,FALSE,FALSE,FALSE,FALSE,TRUE,FALSE,-2.433052313,0.037237986,0.098822418
XBP1,crovir-transcript-16464,9.805716907,10.7995575,11.60962552,10.82346836,10.91669868,11.15576623,11.48236559,11.41567177,8.190411882,TRUE,FALSE,FALSE,FALSE,FALSE,FALSE,TRUE,FALSE,TRUE,FALSE,1.017388842,0.092051913,0.16526159
TFAP4,crovir-transcript-1652,7.992936707,7.831758193,7.186757969,7.668080827,8.470610205,7.624532012,7.103263765,6.999008762,6.847751755,TRUE,FALSE,FALSE,FALSE,FALSE,FALSE,FALSE,FALSE,TRUE,FALSE,-0.73791825,0.059645713,0.117390511
GLIS2,crovir-transcript-1669,8.080043282,7.803768904,8.798555503,8.810484111,8.884831428,8.441719902,8.114477782,8.182707407,7.798852169,TRUE,FALSE,FALSE,FALSE,FALSE,FALSE,FALSE,FALSE,TRUE,FALSE,0.005420779,0.989408445,0.949672588
CSRNP1,crovir-transcript-1739,6.665505538,4.985672161,5.736527865,4.393290595,4.906565679,3.983313214,8.495148627,7.076495226,5.254872243,TRUE,FALSE,FALSE,FALSE,FALSE,FALSE,FALSE,FALSE,FALSE,TRUE,2.471678094,0.007660173,0.022869484
CREM,crovir-transcript-1813,9.023513005,7.673701074,6.680330659,5.695859766,5.746849313,5.232225388,7.324304443,5.866356965,5.254872243,TRUE,FALSE,FALSE,FALSE,FALSE,TRUE,FALSE,FALSE,TRUE,FALSE,-0.036584639,0.97044669,0.97946525
DNAJC1,crovir-transcript-1928,6.755942408,6.548374457,8.684349879,8.016760235,8.314390033,7.030535325,8.670720291,8.674853793,6.548293767,TRUE,FALSE,FALSE,FALSE,FALSE,FALSE,FALSE,FALSE,FALSE,TRUE,1.388197505,0.016003114,0.048796154
ZBTB33,crovir-transcript-209,5.203198316,4.378971349,6.044699135,5.411363522,5.031850264,4.862407981,6.658174981,6.278645354,6.168076904,TRUE,FALSE,FALSE,FALSE,FALSE,FALSE,FALSE,FALSE,FALSE,TRUE,1.694430836,0.004853407,0.014293856
NKRF,crovir-transcript-213,6.495670658,5.793004006,7.094043014,6.577367638,5.638818221,5.879647586,6.849900351,7.411263086,6.155178291,TRUE,FALSE,FALSE,FALSE,FALSE,FALSE,FALSE,FALSE,FALSE,TRUE,1.227788921,0.002176565,0.008205223
SKI,crovir-transcript-2243,5.278298182,5.883276953,8.253510299,5.048257281,5.479907702,4.862407981,6.858030968,6.586375845,6.508522925,TRUE,FALSE,TRUE,FALSE,FALSE,FALSE,FALSE,FALSE,FALSE,TRUE,2.025114106,3.30E-04,0.001694418
RARA,crovir-transcript-2559,8.261959301,6.896286039,5.33769353,5.129537308,5.199028404,5.023661869,6.092200713,5.380288711,5.526470228,TRUE,FALSE,TRUE,FALSE,TRUE,FALSE,FALSE,FALSE,TRUE,FALSE,-0.954814711,0.289859791,0.404885469
NFE2L1,crovir-transcript-2627,6.932328446,6.390355203,7.931566638,6.493046232,6.28501605,6.064779458,8.704752644,7.616762784,7.757348743,TRUE,TRUE,TRUE,FALSE,FALSE,FALSE,FALSE,FALSE,FALSE,TRUE,1.632965786,0.002065228,0.009117097
SP6,crovir-transcript-2638,3.128315352,3.128315352,6.338183625,3.128315352,3.128315352,3.128315352,6.825226607,6.304850592,3.89408463,TRUE,FALSE,FALSE,FALSE,FALSE,FALSE,FALSE,FALSE,FALSE,TRUE,7.445616185,5.27E-10,1.04E-08
ZNF652,crovir-transcript-2640,8.415598294,8.36336941,10.37670941,8.452918385,8.132703265,8.214680154,10.47773502,11.12474608,7.912852917,TRUE,FALSE,FALSE,FALSE,FALSE,FALSE,FALSE,FALSE,FALSE,TRUE,2.497544811,7.18E-19,9.57E-17
DLX4,crovir-transcript-2658,3.128315352,3.128315352,5.10709815,3.128315352,3.128315352,3.128315352,6.28703422,6.991024034,3.672935312,TRUE,FALSE,FALSE,FALSE,FALSE,FALSE,FALSE,FALSE,FALSE,TRUE,7.447076428,9.00E-09,1.65E-07
BHLHA15,crovir-transcript-320,3.128315352,3.128315352,10.53111327,7.84735187,7.571447426,6.995048228,11.84490615,11.13199174,7.931626649,TRUE,FALSE,FALSE,FALSE,FALSE,FALSE,TRUE,FALSE,TRUE,TRUE,4.702588048,0.002010903,0.009250112
CREG1,crovir-transcript-3779,7.351234385,7.769446527,9.198676157,7.880672587,6.809283992,7.301182568,8.277189695,8.796164624,8.171589842,FALSE,FALSE,TRUE,FALSE,TRUE,FALSE,FALSE,FALSE,FALSE,TRUE,1.272218256,9.63E-05,5.91E-04
TAF13,crovir-transcript-3854,7.423669465,7.467805903,9.015602793,8.016760235,7.431334682,7.28660165,9.495810372,8.858666487,7.84316385,TRUE,FALSE,TRUE,FALSE,FALSE,FALSE,FALSE,FALSE,FALSE,TRUE,1.673792624,1.19E-08,2.14E-07
BLZF1,crovir-transcript-3855,7.431496668,7.416924794,8.727283058,7.324623259,7.645774297,8.183608509,9.267495091,9.673005698,6.508522925,TRUE,FALSE,FALSE,FALSE,TRUE,FALSE,FALSE,FALSE,FALSE,TRUE,1.887789208,8.83E-08,1.32E-06
MKL2,crovir-transcript-411,3.128315352,4.128166873,5.294737834,3.128315352,3.67155555,3.983313214,5.78109572,4.852775546,5.279772665,FALSE,FALSE,TRUE,FALSE,FALSE,FALSE,FALSE,FALSE,FALSE,TRUE,2.863006677,0.023506474,0.048667012
PITX2,crovir-transcript-4420,3.128315352,3.128315352,9.43358179,3.128315352,3.128315352,3.128315352,9.284093602,8.988116819,3.128315352,TRUE,TRUE,TRUE,FALSE,FALSE,FALSE,FALSE,FALSE,TRUE,TRUE,11.49672986,1.70E-30,5.13E-28
SMARCA5,crovir-transcript-4474,5.62880682,6.575302647,6.680330659,5.278060529,5.711781668,6.165088516,6.722023729,6.498615379,5.229485116,TRUE,FALSE,FALSE,FALSE,FALSE,FALSE,FALSE,FALSE,FALSE,TRUE,1.100861552,0.017119949,0.043323521
CLOCK,crovir-transcript-4727,5.278298182,4.302497359,6.51057519,4.036640569,4.906565679,3.128315352,6.765937171,6.196964283,5.625121339,TRUE,TRUE,FALSE,FALSE,FALSE,FALSE,FALSE,FALSE,FALSE,TRUE,2.487504863,0.00902799,0.026241303
NFXL1,crovir-transcript-4728,7.48512367,7.260741284,7.738819631,7.718113687,7.946936526,7.491131778,6.921459928,7.038276778,7.10176185,TRUE,FALSE,FALSE,FALSE,FALSE,FALSE,FALSE,FALSE,TRUE,FALSE,-0.30619918,0.398501382,0.522363559
TAF2,crovir-transcript-4874,6.79300869,6.548374457,7.577290284,6.403382535,6.187701086,6.196987986,7.227465885,8.341267528,6.446690486,FALSE,TRUE,FALSE,FALSE,FALSE,FALSE,FALSE,FALSE,FALSE,TRUE,1.526588238,9.40E-05,5.71E-04
MED30,crovir-transcript-4885,5.683755826,5.745541337,7.117790751,5.643556871,6.502417559,6.346444851,6.739751987,6.251942604,5.328191914,FALSE,FALSE,TRUE,FALSE,FALSE,FALSE,FALSE,FALSE,TRUE,FALSE,1.068586531,0.030782582,0.069707827
TRPS1,crovir-transcript-4887,3.128315352,3.128315352,6.436539612,4.232126759,3.128315352,3.983313214,6.783130247,5.65540926,4.319261848,TRUE,FALSE,FALSE,FALSE,FALSE,FALSE,FALSE,FALSE,FALSE,TRUE,5.558034463,1.29E-07,1.56E-06
GRHL2,crovir-transcript-4926,3.128315352,3.128315352,4.360438138,4.655399793,4.196648403,5.097053833,4.334976638,4.381791432,5.625121339,TRUE,FALSE,FALSE,TRUE,FALSE,FALSE,FALSE,FALSE,TRUE,FALSE,-0.338145144,0.802336073,0.86385337
MTDH,crovir-transcript-4948,8.946579045,9.977017716,11.52812724,9.66010182,9.303965763,9.172534144,11.77804512,11.73909701,9.321160327,FALSE,FALSE,TRUE,FALSE,FALSE,FALSE,FALSE,FALSE,FALSE,TRUE,2.277269907,1.16E-12,4.35E-11
NCOA2,crovir-transcript-5046,5.449115394,5.25607556,6.860442758,5.473291288,5.479907702,4.676080133,7.585749187,7.318777663,7.416836947,TRUE,FALSE,TRUE,TRUE,FALSE,FALSE,FALSE,FALSE,FALSE,TRUE,2.104403284,0.003342168,0.012502532
PLAG1,crovir-transcript-5094,4.622457445,3.128315352,3.128315352,3.128315352,4.196648403,3.128315352,3.128315352,3.128315352,3.793398544,TRUE,FALSE,FALSE,FALSE,FALSE,FALSE,FALSE,FALSE,TRUE,FALSE,-4.114760333,0.169246367,1
KCTD1,crovir-transcript-5151,4.159219805,3.768151871,6.773231833,3.128315352,4.31637079,3.128315352,6.87415448,6.950417086,4.261171145,FALSE,FALSE,TRUE,FALSE,FALSE,FALSE,FALSE,FALSE,FALSE,TRUE,4.907758435,1.92E-11,6.11E-10
NFATC1,crovir-transcript-5268,3.788501613,3.908836058,6.99490172,4.232126759,4.608185495,5.023661869,4.93270588,5.884019826,4.653555662,TRUE,FALSE,FALSE,FALSE,FALSE,FALSE,FALSE,FALSE,FALSE,TRUE,2.608722198,0.001687739,0.006639345
HIVEP1,crovir-transcript-5324,6.386301183,6.863990607,8.723432456,6.958138097,6.599750338,7.565426396,8.48995276,8.175706357,7.692757228,TRUE,FALSE,FALSE,FALSE,FALSE,FALSE,FALSE,FALSE,FALSE,TRUE,1.51800485,1.93E-04,0.001263839
TFAP2A,crovir-transcript-5334,3.128315352,3.128315352,8.498557292,6.274219548,5.031850264,5.29484467,8.568456399,8.293566166,3.514556052,TRUE,FALSE,TRUE,FALSE,FALSE,FALSE,FALSE,FALSE,TRUE,TRUE,4.568881486,0.001914568,0.007422987
RREB1,crovir-transcript-5349,5.449115394,5.592361493,6.680330659,5.048257281,5.145706482,5.023661869,6.99697809,7.481186044,7.317403338,TRUE,FALSE,FALSE,FALSE,FALSE,FALSE,FALSE,FALSE,TRUE,TRUE,1.830621984,0.011644458,0.032275128
IRX2,crovir-transcript-5470,3.128315352,3.128315352,9.095222844,3.128315352,5.521429757,3.128315352,8.304088236,8.812045963,3.128315352,TRUE,FALSE,FALSE,FALSE,FALSE,FALSE,FALSE,FALSE,TRUE,TRUE,8.504466658,0.005731693,0.018184024
IRX1,crovir-transcript-5471,3.128315352,3.128315352,10.91543803,3.128315352,4.970797034,5.097053833,9.145626871,10.49078355,3.672935312,TRUE,FALSE,FALSE,FALSE,FALSE,FALSE,FALSE,FALSE,TRUE,TRUE,8.47991249,4.51E-09,8.83E-08
HDAC1,crovir-transcript-5542,8.61054463,8.884949574,11.42407077,8.122643477,8.397304758,8.677362121,8.932434563,10.84396808,7.990107867,TRUE,FALSE,TRUE,FALSE,FALSE,FALSE,FALSE,FALSE,TRUE,TRUE,2.275735076,3.83E-05,3.27E-04
HDAC3,crovir-transcript-5542,8.61054463,8.884949574,11.42407077,8.122643477,8.397304758,8.677362121,8.932434563,10.84396808,7.990107867,TRUE,FALSE,TRUE,FALSE,FALSE,FALSE,FALSE,FALSE,TRUE,TRUE,2.275735076,3.83E-05,3.27E-04
ATF6,crovir-transcript-5645,4.416969307,5.988404777,6.846273063,5.473291288,5.437053603,5.79805018,7.972604761,7.580073058,6.902296298,TRUE,FALSE,TRUE,TRUE,FALSE,FALSE,TRUE,FALSE,FALSE,TRUE,2.15164361,0.00279553,0.009871596
CDC73,crovir-transcript-5698,5.278298182,4.579265209,7.568716891,7.801688564,5.346956989,5.839453246,6.989603388,7.053686919,7.294338621,FALSE,TRUE,FALSE,FALSE,FALSE,FALSE,FALSE,FALSE,TRUE,TRUE,1.58979299,0.007682674,0.022680009
DR1,crovir-transcript-5765,5.038359613,4.849083649,5.458750278,4.532282819,3.67155555,4.772937068,6.250172181,6.900113928,5.177163773,TRUE,FALSE,TRUE,FALSE,FALSE,FALSE,FALSE,FALSE,FALSE,TRUE,2.274776018,0.002403026,0.008002709
BCL10,crovir-transcript-5855,4.795889836,5.028026801,5.638920462,4.961340458,4.690269517,4.168203417,6.06404628,5.952497134,4.807228496,FALSE,FALSE,TRUE,FALSE,FALSE,FALSE,FALSE,FALSE,FALSE,TRUE,1.762975349,2.12E-04,0.001168941
ZZZ3,crovir-transcript-5892,6.652103407,7.11313687,7.644095774,7.03932822,6.963057513,6.921315428,8.117851487,8.193145575,7.323112014,TRUE,FALSE,FALSE,FALSE,FALSE,FALSE,FALSE,FALSE,FALSE,TRUE,1.093523435,2.83E-04,0.001607111
NFIA,crovir-transcript-5965,5.480785647,5.537194956,8.269449127,5.205936904,4.766860242,4.945681833,8.406924636,8.369148131,5.803218727,TRUE,FALSE,FALSE,TRUE,FALSE,FALSE,FALSE,FALSE,TRUE,TRUE,3.628208964,1.13E-17,9.46E-16
SPDEF,crovir-transcript-6220,3.128315352,4.128166873,9.397798195,3.128315352,3.128315352,3.737246411,9.256832057,8.895332958,8.997207819,TRUE,FALSE,FALSE,TRUE,FALSE,FALSE,FALSE,FALSE,TRUE,TRUE,7.375238121,2.06E-05,1.60E-04
PPARD,crovir-transcript-6233,4.558202393,4.799892688,6.546190146,4.867818714,5.145706482,5.411757671,6.929193973,6.999008762,5.094443614,TRUE,FALSE,TRUE,FALSE,FALSE,FALSE,FALSE,FALSE,FALSE,TRUE,2.518120928,6.37E-09,1.21E-07
ELK4,crovir-transcript-6293,4.683222934,5.29044148,5.940411304,4.766417746,4.838752099,4.320983968,6.704071821,6.429030909,5.76940771,TRUE,FALSE,TRUE,FALSE,TRUE,FALSE,FALSE,FALSE,FALSE,TRUE,1.993486742,0.001465948,0.005361918
KDM5B,crovir-transcript-6418,8.514528041,8.057082164,9.511547485,8.474886311,8.364709248,8.608872122,9.389656351,8.910163998,9.562849236,TRUE,FALSE,TRUE,FALSE,FALSE,FALSE,FALSE,FALSE,TRUE,FALSE,0.671006227,0.058042186,0.116104198
ZNF341,crovir-transcript-6462,6.402453215,6.104880731,6.563667575,6.732324588,6.28501605,6.940108509,6.078194515,6.440868668,6.193523215,TRUE,FALSE,FALSE,FALSE,FALSE,FALSE,FALSE,FALSE,TRUE,FALSE,-0.119416043,0.749395132,0.824349859
NCOA3,crovir-transcript-6549,7.62815321,6.927866827,8.866469591,7.206729921,7.716445512,7.612903797,8.094067836,9.119712328,7.294338621,TRUE,FALSE,TRUE,FALSE,FALSE,FALSE,FALSE,FALSE,FALSE,TRUE,1.431175025,1.30E-04,9.02E-04
ZNF217,crovir-transcript-6590,3.128315352,4.579265209,6.711976411,5.278060529,4.970797034,4.862407981,6.620359606,7.498147317,6.871383774,TRUE,FALSE,FALSE,FALSE,FALSE,FALSE,FALSE,FALSE,TRUE,TRUE,2.851653916,0.00440517,0.015793628
UHRF1,crovir-transcript-6698,5.812160778,4.450052544,5.33769353,4.393290595,4.196648403,3.128315352,4.997665992,5.454550324,5.351746909,TRUE,FALSE,FALSE,FALSE,FALSE,FALSE,FALSE,FALSE,TRUE,FALSE,0.693656973,0.508199198,0.624609488
KLF11,crovir-transcript-6772,4.622457445,4.579265209,6.069593695,4.393290595,4.422971151,3.983313214,7.4150155,6.607492938,6.528547869,TRUE,FALSE,FALSE,FALSE,TRUE,FALSE,FALSE,FALSE,TRUE,TRUE,3.064605647,6.94E-04,0.002857428
KLF16,crovir-transcript-6772,4.622457445,4.579265209,6.069593695,4.393290595,4.422971151,3.983313214,7.4150155,6.607492938,6.528547869,TRUE,FALSE,FALSE,FALSE,FALSE,FALSE,FALSE,FALSE,TRUE,TRUE,3.064605647,6.94E-04,0.002857428
GATAD2A,crovir-transcript-6778,5.081620976,5.838880197,7.325687868,6.493046232,5.392772216,5.618646174,7.56114946,7.553280337,7.005505701,TRUE,FALSE,FALSE,FALSE,FALSE,FALSE,FALSE,FALSE,FALSE,TRUE,1.975569929,7.70E-05,4.88E-04
JUN,crovir-transcript-6797,10.92344897,8.876921723,8.644177995,7.291917054,7.733583514,8.206974864,9.807941741,9.588614539,6.909920933,TRUE,TRUE,TRUE,TRUE,TRUE,FALSE,FALSE,TRUE,TRUE,FALSE,0.727010263,0.335161286,0.457011748
ARID3A,crovir-transcript-6808,3.597155504,3.768151871,4.945588058,3.775811246,3.67155555,3.128315352,6.436482696,5.524889748,6.279118018,TRUE,FALSE,FALSE,FALSE,FALSE,FALSE,FALSE,FALSE,FALSE,TRUE,4.41734052,0.001040719,0.00443284
ZNF511,crovir-transcript-6877,5.163944156,5.508739325,6.187815625,6.340280129,6.376032351,5.839453246,5.975998427,6.586375845,5.836217445,TRUE,FALSE,FALSE,FALSE,FALSE,FALSE,FALSE,FALSE,TRUE,FALSE,0.50428497,0.305678357,0.386610664
ERF,crovir-transcript-709,4.416969307,6.359625161,7.754017481,6.707643153,6.502417559,6.581072184,8.513188029,8.608843323,6.670349454,TRUE,FALSE,TRUE,FALSE,TRUE,FALSE,FALSE,FALSE,FALSE,TRUE,2.245784035,8.19E-04,0.003945186
FOS,crovir-transcript-7192,8.054966266,9.160969898,9.914072893,4.961340458,5.561705305,6.481562204,8.981375764,9.424207755,4.426090958,TRUE,TRUE,FALSE,TRUE,TRUE,FALSE,FALSE,TRUE,TRUE,TRUE,3.389482778,0.001433516,0.005817108
CIC,crovir-transcript-724,4.159219805,5.356576524,6.664239711,5.048257281,3.128315352,5.097053833,7.040444746,6.57569828,5.960842238,TRUE,FALSE,FALSE,FALSE,FALSE,FALSE,FALSE,FALSE,TRUE,TRUE,2.512341278,0.00687206,0.021078931
ZNF410,crovir-transcript-7283,7.819101282,7.969124053,9.456953607,7.03932822,7.310769084,7.589361198,9.6962597,9.433035452,6.558064524,TRUE,FALSE,FALSE,FALSE,FALSE,FALSE,FALSE,FALSE,FALSE,TRUE,2.272174678,1.33E-11,4.25E-10
ZFP36L1,crovir-transcript-7440,12.44271014,11.75649072,9.669940205,8.958114743,9.020002442,9.061625222,9.511272734,9.21151001,9.957154087,TRUE,FALSE,FALSE,FALSE,FALSE,FALSE,FALSE,FALSE,TRUE,FALSE,-1.168908983,0.167206032,0.32228419
CREB3L1,crovir-transcript-7444,5.081620976,5.793004006,8.581739433,7.965930238,7.228407773,7.115581766,9.344330388,8.577326396,8.155714672,TRUE,FALSE,FALSE,FALSE,TRUE,TRUE,TRUE,FALSE,FALSE,TRUE,2.097242804,0.003107097,0.010759429
NR1H3,crovir-transcript-7523,7.415799342,7.356476465,9.002953727,6.094042544,6.542156083,6.374522431,8.583168862,9.143215389,5.699172832,TRUE,FALSE,TRUE,FALSE,FALSE,FALSE,FALSE,FALSE,FALSE,TRUE,2.56460851,1.54E-07,2.59E-06
CCND1,crovir-transcript-7537,4.416969307,4.799892688,5.940411304,4.036640569,4.196648403,4.945681833,6.28703422,7.260281229,6.839786594,FALSE,FALSE,TRUE,FALSE,FALSE,FALSE,TRUE,FALSE,FALSE,TRUE,2.444848629,0.012327021,0.033658131
EHF,crovir-transcript-7549,3.128315352,3.128315352,10.20653615,6.094042544,6.522426138,6.317796673,9.721958988,10.65445248,5.304206333,TRUE,FALSE,FALSE,TRUE,FALSE,FALSE,FALSE,FALSE,TRUE,TRUE,5.070885322,2.49E-04,0.001336491
ELF5,crovir-transcript-7566,4.054157922,4.026060346,10.58301446,7.534802667,7.24046741,6.740010629,9.963099666,10.66946925,4.060913307,TRUE,FALSE,FALSE,TRUE,FALSE,FALSE,FALSE,FALSE,FALSE,TRUE,4.377090035,2.61E-04,0.001306513
SSRP1,crovir-transcript-7902,8.785286888,9.147687341,9.898794396,8.400318635,8.04624568,8.543095559,10.04062131,9.613419244,8.360699143,TRUE,FALSE,FALSE,FALSE,FALSE,FALSE,FALSE,FALSE,FALSE,TRUE,1.319719947,7.36E-05,4.62E-04
KDM2A,crovir-transcript-7930,6.79300869,6.906890786,7.944867419,7.291917054,7.609091393,6.995048228,9.05883999,8.081452557,8.07360223,TRUE,FALSE,FALSE,FALSE,FALSE,FALSE,FALSE,FALSE,FALSE,TRUE,1.240686143,0.009656068,0.027260658
TFCP2L1,crovir-transcript-8096,4.683222934,6.375073837,9.475382138,3.128315352,4.31637079,5.519187713,8.795978561,9.305844656,7.300139675,TRUE,FALSE,TRUE,FALSE,FALSE,FALSE,FALSE,FALSE,TRUE,TRUE,3.912722807,5.24E-04,0.002943561
NR4A2,crovir-transcript-8197,9.58546899,4.694880908,10.80777094,4.766417746,5.999201752,3.128315352,12.21921172,11.11426626,4.426090958,TRUE,FALSE,FALSE,TRUE,FALSE,FALSE,FALSE,FALSE,TRUE,FALSE,5.424918406,NA,NA
ATF2,crovir-transcript-8315,7.614474276,8.247717431,9.271669396,8.474886311,7.954261819,7.849227471,8.883755269,9.164575687,8.390841588,TRUE,FALSE,TRUE,FALSE,TRUE,TRUE,FALSE,FALSE,FALSE,TRUE,1.060186953,2.34E-05,1.76E-04
IKZF2,crovir-transcript-8481,3.128315352,3.582586172,6.141718984,3.128315352,3.128315352,3.128315352,6.28703422,5.675989808,4.732934083,TRUE,FALSE,FALSE,FALSE,FALSE,FALSE,FALSE,FALSE,FALSE,TRUE,6.009996445,3.39E-05,2.06E-04
MEIS1,crovir-transcript-8589,4.489931203,3.768151871,6.860442758,7.790042573,7.075168156,6.481562204,6.890097817,6.405053674,5.505841611,TRUE,FALSE,FALSE,FALSE,FALSE,FALSE,FALSE,FALSE,TRUE,FALSE,0.45926696,0.66714719,0.81095901
GRHL1,crovir-transcript-8758,4.253091029,3.582586172,10.5562157,4.766417746,4.690269517,4.945681833,11.08442802,11.09075323,3.982046083,TRUE,FALSE,FALSE,TRUE,FALSE,FALSE,FALSE,FALSE,TRUE,TRUE,7.947376694,1.47E-30,5.50E-28
ZNF451,crovir-transcript-8917,6.597193574,6.123381666,7.516173353,6.204902084,6.308327348,6.196987986,8.861804412,7.014845634,6.425464087,TRUE,FALSE,TRUE,FALSE,FALSE,FALSE,FALSE,FALSE,FALSE,TRUE,1.908634548,1.26E-04,7.34E-04
TBX3,crovir-transcript-9066,7.108986603,7.551043119,7.152689563,4.036640569,4.196648403,6.064779458,8.020264445,7.503756843,3.128315352,TRUE,FALSE,FALSE,FALSE,TRUE,FALSE,FALSE,FALSE,TRUE,TRUE,3.1222316,0.010388607,0.034183618
GRHL3,crovir-transcript-996,3.128315352,3.582586172,4.144082434,3.128315352,3.128315352,3.128315352,5.709465779,6.464250943,3.89408463,TRUE,FALSE,FALSE,FALSE,FALSE,FALSE,FALSE,FALSE,FALSE,TRUE,6.016060709,4.15E-05,2.84E-04
SUPT4H1,crovir-transcript-9971,7.194368491,6.94853918,7.904590469,6.849696127,6.599750338,6.740010629,8.127925432,7.768851208,6.863549855,TRUE,FALSE,FALSE,FALSE,FALSE,FALSE,FALSE,FALSE,FALSE,TRUE,1.177380551,1.35E-05,1.12E-04